Rating,Set,Classification,Soundcloud,Youtube
ð??¥ð??¥ð??¥,80s Pop Club Mix at a School Prom | Tinzo,Pop Edits & Party Remixes,https://soundcloud.com/john-kang-23/80s-pop-club-mix-at-a-school?si=33908c99d22b4f8192d12d9f2ad5daca&utm_source=clipboard&utm_medium=text&utm_campaign=social_sharing,https://youtu.be/3X69i0XIY-s?si=B1k2QNp_nsjssErn
,"Above & Beyond in Guatape, Colombia for Cercle",Trance & High Energy Rave,https://soundcloud.com/cerclelive/aab-44100-16bit-mastered?si=15332eb9373a46d585e9f8ff970e56b9&utm_source=clipboard&utm_medium=text&utm_campaign=social_sharing,https://youtu.be/MEzU1HvBo6Y?si=LplzDMKxInDMLgLf
,Adriatique @ Signal 2108 Alpe d'Huez for Cercle,Melodic House & Techno,https://m.soundcloud.com/cerclelive/adriatique-signal-2108-for-cercle,https://www.youtube.com/watch?v=CQZYzGO8QlM
,ADRIATIQUE & MAGDALENA @ Diynamic ADE showcase,Melodic House & Techno,,https://www.youtube.com/live/HnPBM54A9O0?si=zNW9yCGI3ZeV_4wd
,"Adriatique at Hatshepsut temple, in Luxor, Egypt for Cercle",Melodic House & Techno,https://soundcloud.com/user7801532/adriatique-live-hatshepsut,https://youtu.be/w4LRUBFy3pc?si=2R-n0C3ahsIGNJmx
,Adriatique Boiler Room Tulum DJ Set,Melodic House & Techno,https://m.soundcloud.com/manafalwan/adriatique-boiler-room-tulum-dj-set,https://youtu.be/xSH84m5ktUw?si=fYmu0hzAEA1BdOHk
,Alan Fitzpatrick b2b Skream in The Lab LDN 2.0,Hard & Driving Techno,,https://youtu.be/Pe0uSuUSibc?si=ldCOJwAXyCtVdD2k
,ALAN FITZPATRICK quality techno DJ set in The Lab LDN,Hard & Driving Techno,,https://www.youtube.com/live/lGoKT49lUEU?si=AtNSSEC4bQjNJcb3
,AndrÃ© dancekowski | HÃ?R - November 6 / 2023,Minimal & Deep House,https://soundcloud.com/andredancekowski/hor-november-6-2023,https://www.youtube.com/live/7CXp2EaRaIU?si=qMvU65H49DxZhbW9
,Angel D'lite Live @ Lofi Amsterdam 4 Festimi 22.07.23,Trance & High Energy Rave,https://soundcloud.com/angeldlite/angel-dlite-live-lofi-amsterdam-festimi?si=3020b974468740ed970a9bff50435212&utm_source=clipboard&utm_medium=text&utm_campaign=social_sharing,
,Anja Schneider Boiler Room Berlin DJ Set,Minimal & Deep House,https://soundcloud.com/platform/anja-schneider?si=17e9103ded0140a2bac343deeef4dad7&utm_source=clipboard&utm_medium=text&utm_campaign=social_sharing,https://youtu.be/VPLpg1kzamo?si=gfUWv7AlB23iWJoM
,"ARTBAT at Bondinho PÃ£o de AÃ§Ãºcar in Rio de Janeiro, Brazil for Cercle",Melodic House & Techno,https://soundcloud.com/artbatmusic/artbat-cercle-2019-bondinho-pao-de-acucar-in-rio-de-janeiro-brazil?si=5c5f762b3b634b30b36870851c6ddba5&utm_source=clipboard&utm_medium=text&utm_campaign=social_sharing,https://youtu.be/hENgrbIMiy4?si=BKYnvrOa6w-ztT_R
,Baba Stiltz Boiler Room Sugar Mountain Melbourne DJ Set,Minimal & Deep House,https://soundcloud.com/platform/honey-dijon-boiler-room-sugar-mountain-melbourne-dj-set?si=efee2311021d492e8bf7242d69f840ad&utm_source=clipboard&utm_medium=text&utm_campaign=social_sharing,https://youtu.be/2lHwVx-TL4Y?si=t0USbpJXAUUIlgjF
,Barry Can't Swim Live From O2 Academy Brixton,Disco & Funky House,,https://youtu.be/LHWGyc-rTRE?si=_YpjAwlIML27R5U9
,"Be Svendsen live at Mount Nemrut, in TÃ¼rkiye for Cercle",Chill & Organic Electronica,https://m.soundcloud.com/enis-boztepe/be-svendsen-live-at-mount-nemrut-in-turkiye-for-cercle,https://youtu.be/5mpafLYHVd0?si=RPP0_JhCTiWV7Qq5
,Be Svendsen Live on Icarus - Burning Man 2016,Chill & Organic Electronica,https://soundcloud.com/besvendsen/be-svendsen-live-icarus-burning-man-2016?si=5290f6aba61d4499a0011611a434e6ce&utm_source=clipboard&utm_medium=text&utm_campaign=social_sharing,https://youtu.be/2CJXdQNa0pQ?si=fp3o3ErK2tLr8ov1
,Bella Claxton Live @ A3 Festival Sunday 1.12.24 (Party Pumpers Mix),Trance & High Energy Rave,https://soundcloud.com/bellaclaxton/bella-claxton-live-a3-festival-sunday-party-pumpers-mix,https://youtu.be/ktzRff_xATM?si=dQYhcnxdU7duVjDw
ð??¥,Bella Claxton at Intercell x Glitch Festival 2025,Trance & High Energy Rave,https://soundcloud.com/intercell/bella-claxton-at-intercell-x-glitch-festival-2025,https://www.youtube.com/watch?v=FKIFQHMqIXQ
,Ben BÃ¶hmer (Live) | Anjunadeep Open Air: London at The Drumsheds (Official 4K Set),Melodic House & Techno,https://m.soundcloud.com/bass-khalifa/ben-boehmer-live-anjunadeep,https://youtu.be/eN0dz0EV8bE?si=WkCwnPSrAaUndhln
,Ben BÃ¶hmer live above Cappadocia in Turkey for Cercle,Melodic House & Techno,https://soundcloud.com/cerclelive/benbohmerliveabovecappadociainturkeyforcercle,https://youtu.be/RvRhUHTV_8k?si=gpyCZ9QRUIAm22N6
,Benwal - Wildeburg 2024,Trance & High Energy Rave,https://soundcloud.com/wildeburg/benwal-wildeburg-2024?si=5b9a11b67a114c9b89ce6f2033121057&utm_source=clipboard&utm_medium=text&utm_campaign=social_sharing,
ð??¥,BIANKA x RADION April night 12.04,Melodic House & Techno,https://soundcloud.com/user-927461469/radion-12-04,
,Bonobo @ Mixmag Live 2017 (DJ set),Chill & Organic Electronica,https://soundcloud.com/gelipon/bonobo-mixmag-live-2017,https://youtu.be/ERLy4Dam1pU?si=0TgOM6kpnJoMGU0K
,Bonobo & Totally Enormous Extinct Dinosaurs BBC-R1 Essential Mix - 17/10/2020,Melodic House & Techno,https://soundcloud.com/t-e-e-d/bonobo-totally-enormous-extinct-dinosaurs-bbc-r1-essential-mix-17102020,https://youtu.be/2LgbQaewiXk?si=fT6f1zs-hfyR_1TK
,Bonobo | Boiler Room x DGTL Amsterdam 2023,Chill & Organic Electronica,https://soundcloud.com/christianryan-2/bonobo-x-boiler-room-x-dgtl,https://youtu.be/rFRQ0VC1uX8?si=gBit_ah2QZhiCf8Q
,Bonobo Boiler Room New York DJ Set,Chill & Organic Electronica,https://soundcloud.com/platform/bonobo-boiler-room-new-york-dj-set,https://youtu.be/uynCeLheCPc?si=ZzQiLvOBD8PApL8K
,Bonobo Live At Royal Albert Hall,Chill & Organic Electronica,https://soundcloud.com/bess-41/bonobo-live-at-royal-albert-hall-2022,https://youtu.be/fn-4RbxXThE?si=ZilmOOK-QIj_smt4
,"Boris Brejcha @ Grand Palais in Paris, France for Cercle",Hard & Driving Techno,https://soundcloud.com/cerclelive/boris-brejcha-grand-palais-for-cercle?si=da65aaea6011410caa85b697619b31e6&utm_source=clipboard&utm_medium=text&utm_campaign=social_sharing,https://youtu.be/vqz8c4ZP3Wg?si=BAPyoKhjc5rTrGt1
,"Boris Brejcha at ArÃ¨nes de NÃ®mes, in France for Cercle",Hard & Driving Techno,https://soundcloud.com/gertjan-kluit/boris-brejcha-at-are-nes-de-ni,https://youtu.be/1MobY_vR7-g?si=X_6OdAEYdR9DceR6
,CamelPhat Live DJ Set From UshuaÃ¯a Ibiza,Melodic House & Techno,,https://youtu.be/LjL8qr-zf7k?si=W26NdnwIDVliLOJm
,Caribou | Boiler Room: Belfast,Breaks & Experimental,https://soundcloud.com/platform/caribou-belfast-caribou,https://youtu.be/uCZ-5pJP2Js?si=sQPAgovFtFrEPT7t
,Carista | Boiler Room x Dekmantel Festival 2018,Disco & Funky House,https://soundcloud.com/platform/carista-1?si=eec079d4790948ec9781b0c1c315375b&utm_source=clipboard&utm_medium=text&utm_campaign=social_sharing,https://youtu.be/GwDWGV9yuzA?si=rsKO-2HeADYSsNiR
,Carl Cox Boiler Room Ibiza Villa Takeovers DJ Set,Hard & Driving Techno,https://soundcloud.com/timunger/carl-cox-boiler-room-ibiza-villa-takeovers-dj-set?si=149cdfa71eeb40c6929794417d4a5a5d&utm_source=clipboard&utm_medium=text&utm_campaign=social_sharing,https://youtu.be/vy-k0FopsmY?si=s60Nh945Vc1qGt0_
,"Carlita at CinecittÃ , in Rome, Italy for Cercle",Chill & Organic Electronica,,https://youtu.be/5DxOwFPT8TI?si=6fDPN37NJRd4Jvn9
,Casper Tielrooij Boiler Room X Dekmantel Festival DJ Set,Classic House & Garage,,https://youtu.be/OyVKFpvW0BU?si=qOoo6Ij8wJSNpmcM
,Charlotte de Witte | Tomorrowland Belgium 2018,Hard & Driving Techno,https://soundcloud.com/charlottedewittemusic/tomorrowland2018?si=f28ce65861f04e008a62639ec6907dee&utm_source=clipboard&utm_medium=text&utm_campaign=social_sharing,https://youtu.be/mWvdsMwnGmM?si=z_iK9maiETveJxPR
,Charlotte de Witte: Charlotte de Witte @ Dour Festival 2017 on Cercle,Hard & Driving Techno,,https://youtu.be/AtZxg-OC5ho?si=W9-Zskb43-obWBQN
,Chris Stussy | Boiler Room: Edinburgh,Minimal & Deep House,https://soundcloud.com/platform/chris-stussy-edinburgh,https://youtu.be/42XFNGZrpaQ?si=BIPDh4bGNucpWlLz
,Claptone BBC Radio 1 mix (SoundCloud),Classic House & Garage,https://soundcloud.com/claptone/claptone-bbc-radio-1-essential-mix,https://youtu.be/z3TOMkS1RtY?si=0u0drX4zp_NFIHg1
,CLAPTONE in The Lab LDN,Classic House & Garage,https://soundcloud.com/user-134917590/claptone-in-the-lab-ldn,https://www.youtube.com/live/U04zWe_VZJE?si=jSSc-2XyG7SU3BOn
,Colin Benders Live Modular Techno Set | Mysteryland 2020 | Modular Mayhem,Hard & Driving Techno,,https://youtu.be/EgUQb3VL88M?si=m3OOV0s4Wdw2VzcZ
,Colyn - Digital DGTL 2020 Livestream,Melodic House & Techno,https://soundcloud.com/dgtl-festival/colyn-digital-dgtl-2020-1,https://youtu.be/DlgQ5Y8mxP8?si=Ph_y0xl4j-Gm-T9o
,"Colyn at Jatayu Earth's Center, in Kerala, India for Cercle",Melodic House & Techno,https://soundcloud.com/user-944116902/colyn-at-jatayu-earths-center-in-kerala-india-for-cercle?si=4faa160e126141fba775945dc5180ca9&utm_source=clipboard&utm_medium=text&utm_campaign=social_sharing,https://youtu.be/qBFxhkfFF3I?si=htMmTWCiCgt28mlM
,Colyn for Audio Obscura: Revere Series at Het Scheepvaartmuseum,Melodic House & Techno,https://soundcloud.com/audio-obscura/colyn-revereseries,https://youtu.be/ZmZe1NrwHxs?si=Z1kNhn6V3eCUZPqO
,Dave Lee FKA Joey Negro house & disco set,Disco & Funky House,https://soundcloud.com/josh-leggett-53253976/dave-lee-fka-joey-negro-disco?si=cdc81a6d59404db0a7248d47c02cec12&utm_source=clipboard&utm_medium=text&utm_campaign=social_sharing,https://youtu.be/0hBxfFw87zo?si=4IA66JEpKM-u0A34
,De la Swing - Elrow Closing Party At Space Ibiza 2016,Hard & Driving Techno,https://soundcloud.com/delaswing/de-la-swing-elrow-closing-party-at-space-ibiza-2016?si=12105e70a3d54203b318bbb7fd0c43f6&utm_source=clipboard&utm_medium=text&utm_campaign=social_sharing,https://youtu.be/KzQvtmlPKfM?si=ZJujfnrmR2SRsyFx
,Deborah de Luca @ ChÃ¢teau de Chambord for Cercle,Hard & Driving Techno,https://soundcloud.com/deborahdeluca/deborah-de-luca-live-for-cercle-chateau-de-chambord-france-492017?si=7b61830b40674cc0a945f8561e00de62&utm_source=clipboard&utm_medium=text&utm_campaign=social_sharing,https://youtu.be/yEbrvMljMCg?si=xCzpSThnw0xqChGT
,Dee Diggs | Boiler Room x Dekmantel Festival 2022,Disco & Funky House,https://soundcloud.com/platform/dee-diggs-dekmantel-2022,https://youtu.be/OY4Yu2ESRyQ?si=A3KTXkvW_FMaJaxl
,Dekmantel Podcast 470 - THC,Trance & High Energy Rave,https://soundcloud.com/dkmntl/dekmantel-podcast-470-thc,
,Denis Sulta Boiler Room x AVA Festival DJ Set,Melodic House & Techno,https://soundcloud.com/platform/denis-sulta-boiler-room-x-ava-festival-dj-set,https://youtu.be/EHbpt-559xI?si=KE6eRqoqFkz9UBq9
,Derrick Carter Soulful House | Boiler Room x Ballantine's True Music,Classic House & Garage,https://soundcloud.com/platform/derrick-carter-soulful-house-mix-boiler-room-x-ballantines-true-music-hybrid-sounds-sao-paulo?si=ab029e45a02d4b96ace47898401d6c66&utm_source=clipboard&utm_medium=text&utm_campaign=social_sharing,https://youtu.be/AahI0K_YGqA?si=rmFUNvLgkDHkZAK5
,Disclosure | Boiler Room: Streaming From Isolation #13,Classic House & Garage,https://soundcloud.com/user-642463504/disclosure-boiler-room-streaming-from-isolation-13,https://www.youtube.com/live/QA0EdK2RjPg?si=m054K50XlgA8M5No
,Disclosure Boiler Room Shanghai DJ Set,Classic House & Garage,https://soundcloud.com/platform/disclosure,https://youtu.be/BVW0OgxeH6I?si=jXWEaBgQz39lW2iQ
,Dita & Kamma at Dekmantel Ten,Disco & Funky House,https://soundcloud.com/dkmntl/dita-kamma-at-dekmantel-ten-1,
,Dixon b2b Ã?me Boiler Room x Innervisions DJ Set at ADE 2012,Melodic House & Techno,,https://youtu.be/pMSKnCbUqBs?si=55caF9OIjVkhBXuA
,DJ Awards Exclusive Sunset 2019 - Claptone live @ OD Ocean Drive Sky Bar,Classic House & Garage,,https://youtu.be/5om8Ul9eadI?si=owo-tID-Kr4Jag5V
,DJ Heartstring | Boiler Room x AVA Festival 2023,Trance & High Energy Rave,https://soundcloud.com/djheartstring/dj-heartstring-boiler-room-x-ava-festival-2023,https://youtu.be/9w5ja7eJDo0?si=ENDhFIV9ruwbWGoW
,DJ Maseo (De La Soul) Boiler Room London DJ Set,Disco & Funky House,https://soundcloud.com/platform/dj-maseo-de-la-soul-boiler-room-london-dj-set,https://youtu.be/YoYsr3BFnXM?si=nxqclBhNu3muy0DM
,DJ Tennis - Robot Heart Residency - Oakland 2024,Melodic House & Techno,https://soundcloud.com/iltonllis/dj-maseo-de-la-soul-boiler-room-london-dj-set,
,Dutch Dance Days: Luuk van Dijk SLAM!,Classic House & Garage,,https://youtu.be/7WreGhVnSU4?si=I7cFSWFh92ELTLbc
,Early 2000s Pop Club Mix at a New York House Party | Tinzo,Pop Edits & Party Remixes,https://soundcloud.com/aditya-sarkar-625879075/early-2000s-pop-club-mix-new-york-house-party-tinzo?si=825e061495bb4ad7a6473efce84dd1f0&utm_source=clipboard&utm_medium=text&utm_campaign=social_sharing,
,Eats Everything Boiler Room Bristol DJ Set,Classic House & Garage,https://soundcloud.com/platform/eats-everything?si=27879ac3b021447cafaf040ea43ec639&utm_source=clipboard&utm_medium=text&utm_campaign=social_sharing,
,EATS EVERYTHING techno set @ ADE 2018,Hard & Driving Techno,,https://youtu.be/12TNWA6HYXM?si=jUKSi_RvnmyWmIKO
,"Eelke Kleijn live at Mont Saint-Michel in Manche, France for Cercle",Melodic House & Techno,https://soundcloud.com/robot-heart/dj_tennis_robot_heart_residency_oakland_2024,https://youtu.be/9wbZEPrFd10?si=jKXw-HgyFC27aseD
,EELKE KLEIJN melodic house set in The Lab LA,Melodic House & Techno,https://soundcloud.com/night-creatures/eelke-kleijn-melodic-house-set-in-the-lab-la?si=e8db9698d0914bc6ac85dbb86493ce09&utm_source=clipboard&utm_medium=text&utm_campaign=social_sharing,https://youtu.be/kDNS4iFRwg0?si=imwNYlidZrEcc2sT
,Einmusik b2b Jonas Saalbach live at Preikestolen in Norway for Cercle,Melodic House & Techno,https://soundcloud.com/cerclelive/einmusik-b2b-jonas-saalbach-live-preikestolen-for-cercle?si=ee72ffd72f0a46e691762ad92608c7b8&utm_source=clipboard&utm_medium=text&utm_campaign=social_sharing,https://youtu.be/cVFzblT5VPE?si=getzVcz6g6w24vqX
,El BÃºho Boiler Room Tulum x Comunite Live Set,Chill & Organic Electronica,https://soundcloud.com/platform/baho?si=a8eb0d3c831941fbb902491a30a46846&utm_source=clipboard&utm_medium=text&utm_campaign=social_sharing,https://youtu.be/RCVAkCrJDdw?si=BiNyLV-VieCXlCHO
,Eli Escobar @ House of Yes 3.3.23 â?? House of Grooves,Disco & Funky House,https://soundcloud.com/houseofyesnyc/eli-escobar-house-of-yes-3323-house-of-grooves,
,Ellen Allien Boiler Room Ibiza DJ Set,Hard & Driving Techno,https://soundcloud.com/platform/ellen-allien?si=52946911876f4bc28b8a5c5d1f8aa7aa&utm_source=clipboard&utm_medium=text&utm_campaign=social_sharing,https://youtu.be/UlK3WwP26oE?si=E5coLwFV507JTrba
ð??¥ð??¥,Essy @ Lowlands 2024 (Het Magazijn),Trance & High Energy Rave,https://soundcloud.com/essydj/essy-lowlands-2024-het-magazijn,
,Fafi Abdel Nour at Dekmantel Festival 2022,Classic House & Garage,https://soundcloud.com/dkmntl/fafi-abdel-nour-at-dekmantel-festival-2022,
,Fatboy Slim @ British Airways i360 for Cercle,Breaks & Experimental,https://soundcloud.com/cerclelive/fatboy-slim-british-airways-i360-for-cercle,https://youtu.be/8AvC05kXS9I?si=GwqfB4-2sxLzGKgG
,Fatima Yamaha Boiler Room x Dekmantel Festival Live Set,Melodic House & Techno,https://soundcloud.com/platform/fatima-yamaha,https://youtu.be/ExxN2Kzr4vQ?si=HmFIl5IBn8Cdr7df
,FKA.4MA HÃ?R 1 Year Anniversary - fka.m4a / August 14 / 6pm-7pm,Trance & High Energy Rave,,https://www.youtube.com/live/02_2ieNhjJk?si=MX2eHLitFmpzSYwc
,FKJ live at Salar de Uyuni in Bolivia for Cercle,Chill & Organic Electronica,https://soundcloud.com/cerclelive/fkj-live-salar-de-uyuni-for-cercle-1,https://youtu.be/sCNlt5nvSI8?si=gTzbyUFmUk78oL-Y
,Folamour | Boiler Room x FLY Open Air 2019,Disco & Funky House,https://soundcloud.com/platform/folamour-br-x-fly-open-air-festival-day-1,https://youtu.be/wL-VMOGAhzE?si=gW6QAPzFbXxWDkYS
,Folamour | Boiler Room: Streaming from Isolation,Disco & Funky House,https://soundcloud.com/platform/folamour-streaming-from?si=72c05ffd6c3043649ec4fa70dc0b6363&utm_source=clipboard&utm_medium=text&utm_campaign=social_sharing,https://www.youtube.com/live/TJBfwwZkHr8?si=v892Tk8OtipZSga3
,"Folamour House, Funk & Disco DJ Set Live From DJ Mag HQ",Disco & Funky House,,https://www.youtube.com/live/roQuEqxjDx4?si=dFYYbFTft20RGIJ_
,Four Tet | Boiler Room: Streaming From Isolation | #8,Breaks & Experimental,https://soundcloud.com/platform/four-tet-streaming-from?si=3530ef359c594b4ca16b5e8d5333f7b0&utm_source=clipboard&utm_medium=text&utm_campaign=social_sharing,https://www.youtube.com/live/oXQi77eOdEY?si=zEfQRAxTrBo-FflC
,Four Tet Boiler Room London DJ Set,Breaks & Experimental,https://soundcloud.com/platform/four-tet,https://youtu.be/s_Bn6FlvflM?si=kQEmxdJ4rwkqVl6Q
,Four Tet Boiler Room London Live Set,Breaks & Experimental,https://soundcloud.com/platform/four-tet-live?si=1826a9da06394375b6063a3237cbb000&utm_source=clipboard&utm_medium=text&utm_campaign=social_sharing,https://youtu.be/Ca6pjR2TLns?si=1lp_3rSGF7-JpSgI
,"Fred again.. - Rooftop Live (Arunâ??s Roof, London)",Pop Edits & Party Remixes,https://soundcloud.com/fredagain/rooftop-live-aruns-roof-london,https://youtu.be/6MAzUT1YhWE?si=WvJ6Io5yj-a_1Xf1
,Fred again.. | Boiler Room: London,Pop Edits & Party Remixes,https://soundcloud.com/platform/fred-again-boiler-room-london,https://youtu.be/c0-hvjV2A5Y?si=wp8-tQ2TGWyrP5F9
,Funk Tribu b2b Pegassi at Intercell x Klokgebouw 2025,Trance & High Energy Rave,https://soundcloud.com/intercell/funk-tribu-b2b-pegassi-at-intercell-x-klokgebouw-2025?si=dfe6479a59e54e1daaee5c1d16922a81&utm_source=clipboard&utm_medium=text&utm_campaign=social_sharing,https://youtu.be/VTfAxGkQi0o?si=UjvWxjuFGnCEUKjZ
,Gerd Janson Boiler Room x Eristoff Belgium - Day/Night,Classic House & Garage,https://soundcloud.com/platform/gerd-janson-boiler-room-x-eristoff-belgium-daynight,https://www.youtube.com/live/2vK_FHyS05c?si=rH8cyRdN1QFvPq0d
,Gerd Janson Boiler Room x Sugar Mountain 2018 DJ Set,Classic House & Garage,https://soundcloud.com/platform/gerd-janson-boiler-room-sugar-mountain-melbourne-dj-set,https://youtu.be/02PstSNvln0?si=zWO4un-a56zL9zRl
,Greg Wilson - HÃ?R 40TH ANNIVERSARY @ THE GARAGE LIVERPOOL 05.12.15,Disco & Funky House,https://soundcloud.com/gregwilson/5-hour-40th-anniversary-the,
,Gui Boratto Boiler Room SÃ£o Paulo DJ Set,Melodic House & Techno,https://soundcloud.com/platform/gui-boratto-boiler-room-s-o?si=d2e9bee1b6e942898924b222af6a2d95&utm_source=clipboard&utm_medium=text&utm_campaign=social_sharing,https://youtu.be/Y1TqT4qm3cA?si=4dcuvpXh--icS3T_
,Henrik Schwarz Boiler Room Berlin Live Set,Minimal & Deep House,https://soundcloud.com/platform/herik-scharz,https://youtu.be/hyVq--qZVEI?si=qQhvh0E3rPY9QcLl
,Henrik Schwarz live at CathÃ©drale de Chartres in France for Cercle,Minimal & Deep House,https://soundcloud.com/cerclelive/henrik-schwarz-cathedrale-de-chartres-for-cercle?si=70aa2ad02ee449abad430edae4aadf38&utm_source=clipboard&utm_medium=text&utm_campaign=social_sharing,https://youtu.be/51sikDhtEE0?si=0sj7FXk3-FVQv3Gu
,Honey Dijon Boiler Room x Sugar Mountain 2018 DJ Set,Classic House & Garage,https://soundcloud.com/platform/honey-dijon-boiler-room-sugar-mountain-melbourne-dj-set,https://youtu.be/m_qewI-1cEs?si=lCocpsce_aSBFZRk
,Hunee - Live at Trouw (ADE Closing Night - October 2013),Disco & Funky House,https://soundcloud.com/hunee/hunee-live-at-trouw-ade,
,Hunee Boiler Room x Dekmantel Festival DJ Set,Disco & Funky House,https://soundcloud.com/platform/hunee?si=6c1a0e357c374669a6fa6d76cff95783&utm_source=clipboard&utm_medium=text&utm_campaign=social_sharing,https://youtu.be/0RIU0cy6L1I?si=heU-ZjWCqBZntvpE
,HVOB Boiler Room Vienna Live Set,Minimal & Deep House,https://soundcloud.com/platform/hvob,https://youtu.be/X13beDr0fZY?si=cdRMaxHv_loSi-tK
,INFRAVISION (Pablo Bozzi & Kendal) | Boiler Room x Ulica ElektrykÃ³w,Trance & High Energy Rave,https://soundcloud.com/platform/infravision,https://youtu.be/fteU8YHLBqY?si=EA4FQa8CydfN68Aw
,Jamie 3:26 Boiler Room London DJ Set,Disco & Funky House,https://soundcloud.com/platform/jamie-326-boiler-room-london?si=43dcf70d60994cd38cd0a1000c8537a9&utm_source=clipboard&utm_medium=text&utm_campaign=social_sharing,https://youtu.be/kuT6mtPmqMg?si=7exsla8JuF2AMk4l
,Jamie xx Boiler Room ReykjavÃ­k DJ Set,Breaks & Experimental,https://soundcloud.com/platform/jamie-xx-boiler-room-reykjavik-dj-set,https://youtu.be/RHU4nXddLNU?si=IO5_Tv2IKzmlRqcY
,Jan Blomqvist live at Tossa de Mar in Spain for Cercle,Melodic House & Techno,https://soundcloud.com/cerclelive/jan-blomqvist-live-tossa-de-mar-for-cercle?si=715fd314cbe94427bda449174f610460&utm_source=clipboard&utm_medium=text&utm_campaign=social_sharing,https://youtu.be/w1ElkNNsfm8?si=tW7TfG8w9kJJkNJA
,Jayda G Boiler Room x Dekmantel Festival DJ Set,Disco & Funky House,https://soundcloud.com/platform/jayda-g-dekmantel,https://youtu.be/qy2D66L8lBw?si=lbHvhK3Wdh2HzQsI
,Jimi Jules - BBC Radio 1 Essential Mix,Minimal & Deep House,,https://youtu.be/wb2UbjFcPf4?si=PSDMDyrt6B2X08d1
,"Job Jobse @ Sleepless Floor, Melt! Festival 2015",Trance & High Energy Rave,https://soundcloud.com/jobjobse/melt-sleepless-floor-2015,
,Job Jobse at Lente Kabinet 2019,Trance & High Energy Rave,https://soundcloud.com/dkmntl/job-jobse-at-lente-kabinet-festival-2019?si=7377d9f4c1fd46d0b2b01c5a56d13614&utm_source=clipboard&utm_medium=text&utm_campaign=social_sharing,
,Job Jobse Wave Mix | Boiler Room x AVA festival,Trance & High Energy Rave,https://soundcloud.com/platform/job-jobse-1?si=e747760b057b4f348ba77d24f381195d&utm_source=clipboard&utm_medium=text&utm_campaign=social_sharing,https://youtu.be/ojE9LTSAEbk?si=2-XwNTLoXq-_yatN
,Joris Voorn @ Grand Palais for Cercle,Melodic House & Techno,https://soundcloud.com/chubin-vijande/cercle-joris-voorn-live-grand-palais,https://youtu.be/nZFwAbZs4tU?si=0zl9-WPeBhM5W6hw
,Joris Voorn All Night at Fabric London 08.01.2022 Pt.1,Melodic House & Techno,https://soundcloud.com/joris-voorn/fabriclondonpt1?si=0a1a0d738dcc4a77b219425055887c77&utm_source=clipboard&utm_medium=text&utm_campaign=social_sharing,https://youtu.be/_9gd9mGvmDs?si=tZi_BRaXdVkf0crw
,"Joris Voorn Live Stream | Audio Obscura at Kinderdijk, Netherlands",Melodic House & Techno,https://soundcloud.com/audio-obscura/joris-voorn-audio-obscura-revere-series-at-unesco-world-heritage-site-kinderdijk-11-june-2020,https://youtu.be/bycZFC7agXA?si=MTXZJKwwtT5uh88D
,Kenny Dope Gonzalez Boiler Room London DJ Set,Classic House & Garage,https://soundcloud.com/platform/kenny-dope-gonzalez?si=e5ca55d441d3424ab4ea42780e55f059&utm_source=clipboard&utm_medium=text&utm_campaign=social_sharing,https://youtu.be/cwENwGqTukE?si=WEqSrMGmzC67O83y
,KI/KI | Boiler Room Festival Amsterdam: X,Trance & High Energy Rave,https://soundcloud.com/platform/ki-ki-boiler-room-festival,https://youtu.be/m5qSdEAXNfw?si=9iAP4FrakAMCIrL-
,KI/KI | Boiler Room x AVA Festival 2024,Trance & High Energy Rave,https://soundcloud.com/platform/ki-ki-ava-festival-2024,https://youtu.be/obByzP5X3mc?si=ld6NssqTGWSafTN2
ð??¥ð??¥ð??¥,KI/KI b2b Marlon Hoffstadt - 5 Hours On The Beach,Trance & High Energy Rave,https://soundcloud.com/marlonhoffstadt/kiki-marlon-hoffstadt-5-hours,https://www.youtube.com/watch?v=eG4_srlKf9Y
,"Kiasmos live for Cercle at Citadelle de Sisteron, France",Minimal & Deep House,https://soundcloud.com/massivehoersturz/shimza-for-cercle-at-citadelle-de-sisteron-france?si=26104cdb366244acb0805c7ed70d4d5a&utm_source=clipboard&utm_medium=text&utm_campaign=social_sharing,https://youtu.be/cxvdImFbNyQ?si=iN-hd8lYGrgfG7vr
,Kink Boiler Room London Live Set,Classic House & Garage,https://soundcloud.com/platform/karenn?si=1b51456b838441a78a19cbb380efc593&utm_source=clipboard&utm_medium=text&utm_campaign=social_sharing,https://youtu.be/-0MoCENw8OQ?si=_WmDOXeIKvNOLGjr
,KlÃ©o | Boiler Room x Eristoff x United Identities: Amsterdam,Disco & Funky House,https://soundcloud.com/platform/kleo-boiler-room-x-eristoff-x-united-identities-amsterdam-1,https://www.youtube.com/live/vKxAD2_JuG8?si=y4X3DX3jJ_bdJMCT
,KÃ¶lsch @ Tour Eiffel for Cercle,Melodic House & Techno,,https://youtu.be/DiiKdG4lOug?si=FpBsZ1L0bMXbrSpS
,Kyle Starkey b2b Bella Claxton at Intercell Melbourne,Hard & Driving Techno,https://soundcloud.com/intercell/kyle-starkey-b2b-bella-claxton-at-intercell-melbourne,https://youtu.be/yJ3C6GwNPbs?si=11C_sU5gtdDpoBpP
,LAMMER | Euphoric House & Trance DJ Set @ club TURN w/ Friends,Trance & High Energy Rave,https://soundcloud.com/club-turn/lammer-dj-set,https://youtu.be/JRg6QXqTduE?si=25u1N_Q6PIQx1kmt
,"Laura Meester @Lowlands, HaciÃ«nda 18.08.24 (Future upload, check closer to date)",Minimal & Deep House,https://soundcloud.com/laura-meester-850776437/laura-meester-lowlands-hacienda-180824,
,Live from Lost Village - Demi RiquÃ­simo b2b Nyra,Disco & Funky House,https://soundcloud.com/lost-village-festival/live-from-lost-village-demi-riquisimo-b2b-nyra?si=d291bd9d3bb54a57a3fd989e4664fcaa&utm_source=clipboard&utm_medium=text&utm_campaign=social_sharing,https://www.youtube.com/live/X7img-z9V3s?si=TRkm3ORB--OgumH7
ð??¥,"Live at the WORK Warehouse: ANNÄ? (Sep. 1st, 2025)",Hard & Driving Techno,https://soundcloud.com/6amgroup/live-at-the-work-warehouse-anne-sep-1st-2025,
,Lola Haro / June 1 / 4pm-5pm,Disco & Funky House,https://soundcloud.com/lola-haro/lola-haro-x-hor-radio-010620?si=53c50bb691724f4fa7cd5165d45b8c60&utm_source=clipboard&utm_medium=text&utm_campaign=social_sharing,https://www.youtube.com/live/O33GXp-mgOA?si=2q0raPFCZizdj-Gi
,Maceo Plex Boiler Room Berlin DJ Set,Melodic House & Techno,https://soundcloud.com/platform/maceo-plex-boiler-room?si=a05b73e19ba047b3ac7aac4fff56f154&utm_source=clipboard&utm_medium=text&utm_campaign=social_sharing,https://youtu.be/5vHRUsP20dQ?si=w_ULDCw-2boI5asW
,Madmotormiquel B2B Nacho Isa - Pink Mammoth - Burning Man 2024,Melodic House & Techno,https://soundcloud.com/pink-mammoth-official/madmotormiquel-b2b-nacho-isa-pink-mammoth-burning-man-2024,
,Malugi B2B Interplanetary Criminal Club Set From DJ Mag HQ,Breaks & Experimental,,https://youtu.be/mxQSf6DXOwo?si=_VSkyfhssQCoHKE6
,Many MÃ¸re Radio w/ Gauss,Minimal & Deep House,https://soundcloud.com/radio-many-more/many-more-radio-w-gauss?si=3384c06854c349f08d3a62b4ba43869d&utm_source=clipboard&utm_medium=text&utm_campaign=social_sharing,
,Marlon Hoffstadt | HÃ?R - Feb 1 / 2023,Trance & High Energy Rave,https://soundcloud.com/marlonhoffstadt/marlon-hoffstadt-aka-dj-daddy-trance-hor-feb-1st-2023,https://www.youtube.com/live/ry9hngD4L6g?si=-qRYBuVfxsT1oepG
,Marlon Hoffstadt B2B Malugi | Boiler Room London: Club Heart Broken,Trance & High Energy Rave,https://soundcloud.com/platform/marlon-hoffstadt-b2b-malugi,https://youtu.be/j6QqIbRPQ34?si=6_vcfzkcpQckTjHV
,"Marlon Hoffstadt l Daddycation at Awakenings ADE, Gashouder (Likely future upload or event archive)",Trance & High Energy Rave,https://soundcloud.com/john-van-gils-746734369/marlon-hoffstadt-l-daddycation,https://youtu.be/4frUrQnprXo?si=U0oAzkiHkWnkBjpD
,Marsh - House Of Chill (Sirius XM Chill),Melodic House & Techno,https://soundcloud.com/marshmusician/houseofchill,
,Mees SalomÃ© live from De Marktkantine - 27 March 2020,Melodic House & Techno,https://soundcloud.com/kushal-bhandari-541187197/mees-salome-live-from-de?si=6c6e6183a0af44d2b8b89ab94661e898&utm_source=clipboard&utm_medium=text&utm_campaign=social_sharing,https://youtu.be/HHSrLEtIhzw?si=5efYMwqGxg8lWkvM
,MELÃ? in The Lab LA,Disco & Funky House,,https://youtu.be/rRvf2wAm9zQ?si=v6PDzGCYgQQGENtN
,Mind Against Boiler Room Berlin DJ Set,Melodic House & Techno,https://soundcloud.com/platform/mind-against?si=4ff21eeaebcb424c8e358b4dd71c6e2c&utm_source=clipboard&utm_medium=text&utm_campaign=social_sharing,https://youtu.be/znMAloaLn3s?si=ZwZ37EYPGtL4S4S0
,Mona Yim | HÃ?R - Jun 27 / 2022,Breaks & Experimental,,https://www.youtube.com/live/nyWIklsCB5Y?si=7qRMg9XNQWXRpoPi
,Moodman Boiler Room Tokyo DJ Set,Minimal & Deep House,https://soundcloud.com/platform/moodman,https://youtu.be/xiRt0jyPeP8?si=rHEJiVgg18XEJY3g
ð??¥ð??¥ð??¥,Moody Mehran - Wildeburg 2024,Trance & High Energy Rave,https://soundcloud.com/wildeburg/moody-mehran-wildeburg,
,"Mr. Mendel @ Shourai Sessions, RADION, Amsterdam",Disco & Funky House,,https://youtu.be/iMJe1dF9rhk?si=jl507Ahr2iMFgFT1
,MÃºsica para Perderse en la Noche // Mixtape #17 by Pabels,Minimal & Deep House,https://soundcloud.com/elbaroncafe/musica-para-perderse-en-la-noche,
,N'to - Jacques in Paris France for cercle,Melodic House & Techno,https://soundcloud.com/user913386542/jacques-in-paris-france-for?si=3635f05ac96047b48754c347b27f9550&utm_source=clipboard&utm_medium=text&utm_campaign=social_sharing,https://youtu.be/LL0b2ZKEJoY?si=Gx0_j094upt4MrQR
,NICKY ELISABETH @ DGTL ADE 2024 17.10.2024,Melodic House & Techno,https://soundcloud.com/dgtl-festival/nicky-elisabeth-dgtl-ade-2024-17102024,https://youtu.be/L6MLDUB9CNw?si=SdWSh18msazJ76PN
,Nicola Cruz Boiler Room Tulum x Comunite Live Set,Chill & Organic Electronica,https://soundcloud.com/platform/nicola-cruz,https://youtu.be/BcJCNLgEsHs?si=Gt0NN9DmKp07kAh5
,Nicolas Jaar Boiler Room NYC DJ Set at Clown & Sunset Takeover,Breaks & Experimental,https://soundcloud.com/novacthek/nicolas-jaar-boiler-room-nyc,https://youtu.be/IUjWumGIqe8?si=l4P8FdsLUiEs26Cv
,NiconÃ© | Live at Hippie New Year 2016/17,Minimal & Deep House,https://soundcloud.com/ritter-butzke-radio/nicone-live-at-hippie-new-year-201617?si=3ae192a263474740baf19ec907425ecb&utm_source=clipboard&utm_medium=text&utm_campaign=social_sharing,
,Nightmares On Wax Boiler Room London DJ Set,Disco & Funky House,https://soundcloud.com/platform/nightmares-on-wax-1h30-min,https://youtu.be/Q692lHFaLVM?si=leZjzJtzM-HMF4he
,Oden & Fatzo Live Set | Boiler Room x FLY Open Air 2022,Minimal & Deep House,https://soundcloud.com/davidigretti/oden-fatzo-live-set-boiler-room-x-fly-open-air-2022?si=d25284c69e3044df9e52f9633ee6091c&utm_source=clipboard&utm_medium=text&utm_campaign=social_sharing,https://youtu.be/E-rSgNpqPew?si=Gx7ml6UrMkr83zgy
,Oliver Koletzki - Deep House Amsterdam DGTL Podcast #007,Melodic House & Techno,https://soundcloud.com/deep-house-amsterdam/oliver-koletzki-deep-house-amsterdam-dgtl-podcast-007?si=03c6a57609dc4bf4a0b31f909f5fb41c&utm_source=clipboard&utm_medium=text&utm_campaign=social_sharing,https://youtu.be/I9OYNwWDzjo?si=E9zmF_anfkeZHtQ8
,Oliver Koletzki Boiler Room Berlin DJ Set,Melodic House & Techno,https://soundcloud.com/platform/oliver-koletzki?si=cb184cc6d3c44b718243346aa9094140&utm_source=clipboard&utm_medium=text&utm_campaign=social_sharing,https://youtu.be/Uec7Hmvb5YE?si=F9DbJ6TTMSdEbBdX
,Oliver Koletzki Time Warp Live Mix,Melodic House & Techno,https://soundcloud.com/timewarp_official/oliver-koletzki-time-warp-live,https://youtu.be/gS4Org0Nr6Q?si=Jjtnuxjxd9SZxmJF
,Olympe live set for Klapster at Fabbrica del Vapore Milan,Melodic House & Techno,,https://youtu.be/hX7SMNdyJ_c?si=xYkGcYFEcf8OnMLk
,Or:la Boiler Room x AVA Festival DJ Set,Breaks & Experimental,https://soundcloud.com/platform/orla-boiler-room-x-ava-festival-dj-set,https://youtu.be/wq2z2u58ma0?si=5y8-wyQegn4lIBzp
,Overmono | Boiler Room: Manchester,Breaks & Experimental,https://soundcloud.com/platform/overmono-manchester,https://youtu.be/xgJBhezlMoE?si=wUVMZfgC3oB5AZJm
,Overmono | London Live Set,Breaks & Experimental,https://soundcloud.com/platform/overmono?si=7dd416a3b0124403b1b35bda93daed69&utm_source=clipboard&utm_medium=text&utm_campaign=social_sharing,https://youtu.be/BpA2n8bvpOk?si=TVc0mdw9uTrfm1Xt
,Pablo Bozzi | Boiler Room x Khidi: Tbilisi,Trance & High Energy Rave,https://soundcloud.com/platform/pablo-bozzi-boiler-room-x,https://youtu.be/pKl7GVk60Ow?si=A08m0YSONsG5hbYw
,Palms Trax | Boiler Room x Dekmantel Festival 2018,Classic House & Garage,https://soundcloud.com/platform/palms-trax-3,https://youtu.be/fVlVZTHmkaw?si=LyYVpjOTAjDkgd9E
,Palms Trax | Boiler Room x Dekmantel Festival 2022,Classic House & Garage,https://soundcloud.com/evinrude787/palms-trax-boiler-room-x-dekmantel-festival-2022,https://youtu.be/zfAcYG2HE2s?si=wxJIuiSd1ARm8LIO
,Palms Trax | Boiler Room: Streaming From Isolation | #11,Classic House & Garage,https://soundcloud.com/platform/sfi-palmstrax?si=9f9e1023e86747e982a6b0333a9c3f9a&utm_source=clipboard&utm_medium=text&utm_campaign=social_sharing,https://www.youtube.com/live/cPo-qzbGLqE?si=KdrVi-LntgDKT227
,Pan-Pot @ MusÃ©e de l'Air et de l'Espace for Cercle,Hard & Driving Techno,https://soundcloud.com/subterra-techno/pan-pot-musee-de-lair-et-de-lespace-for-cercle-paris-france-110917?si=6f8d1e158a3d4b258a4f8cb223013fc7&utm_source=clipboard&utm_medium=text&utm_campaign=social_sharing,https://youtu.be/2j5Ok1rYJHk?si=RGeGh2h90t9REj6x
,Parallelle ft Mathilde Marsal Live set from Cappadocia (Beyond Festival),Chill & Organic Electronica,,https://youtu.be/Y-iCSwtdf9A?si=Rwgfpcf7vK7Vzi_g
,Patrice Baumel - Live at Desert Heart Spring 2016,Melodic House & Techno,https://soundcloud.com/patrice-baumel/patrice-baumel-live-at-desert-hearts-spring-2016,https://youtu.be/8bc-HKs_rvY?si=TiImd-JzFpA1gC6S
,PEGASSI | FULL SET | DGTL AMSTERDAM 2025 | 19.4.2025,Trance & High Energy Rave,https://soundcloud.com/dgtl-festival/pegassi-full-set-dgtl-amsterdam-2025-1942025?si=607835c98b31423cbda180fc5b50ee24&utm_source=clipboard&utm_medium=text&utm_campaign=social_sharing,https://youtu.be/LmszaaPzIqE?si=z9ch08_1Ibyg88I8
,Peggy Gou | Boiler Room: Streaming From Isolation | #21,Classic House & Garage,https://soundcloud.com/platform/peggy-gou-isolation?si=c02d2223951647f889259fa8b694cc47&utm_source=clipboard&utm_medium=text&utm_campaign=social_sharing,https://www.youtube.com/live/jxcK_wENFgo?si=kwSYWCFW3cwP53Jx
ð??¥,Peggy Gou Boiler Room x Dekmantel Festival DJ Set,Classic House & Garage,https://soundcloud.com/platform/peggy-gou?si=06b09e1b8f3d49c1a24351b01378dbad&utm_source=clipboard&utm_medium=text&utm_campaign=social_sharing,https://youtu.be/nKHpbiYCtDQ?si=GiRWeeBmSqVDOY7a
,Peggy Gou I #MontblancxMaisonKitsune ð?¦? I Paris,Classic House & Garage,https://soundcloud.com/dksaraohgfhx/live-i-peggy-gou-i?si=85ab351958c94c709f2b86bd9d042678&utm_source=clipboard&utm_medium=text&utm_campaign=social_sharing,https://youtu.be/a4Sm1lTkf1I?si=Q8uMKkpZUMPcUMAm
,Perdu... IsBurning #102,Classic House & Garage,https://soundcloud.com/isburning/perduisburning102,
,PRUNK B2B CHRIS STUSSY at LOVELAND Rooftop Sessions | KINGSDAY APRIL 2020,Minimal & Deep House,https://soundcloud.com/loveland-legacy/loveland-rooftop-sessions-prunk-b2b-chris-stussy-ll124?si=4d4c4abd431c467b90b751d511b2412e&utm_source=clipboard&utm_medium=text&utm_campaign=social_sharing,https://youtu.be/2oMFvFcdqEU?si=C60yJFe9HAANo2dF
,Purple Disco Machine - Live from Dresden (Glitterbox Virtual Festival),Disco & Funky House,https://soundcloud.com/glitterboxibiza/glitterbox-virtual-festival-purple-disco-machine,https://youtu.be/81qVzKjv4wI?si=g4WxUcOoU-M4DMkW
,PURPLE DISCO MACHINE in The Lab LA,Disco & Funky House,https://soundcloud.com/hot-definisound/purple-disco-machine-in-the-lab-la-2016,https://youtu.be/1aK8S5q7a-8?si=BN2c3KRjf1Ogo73r
,RA.968 Barry Can't Swim,Disco & Funky House,https://soundcloud.com/resident-advisor/ra968-barry-cant-swim?si=ff36e91ea023426780015a08477f4f77&utm_source=clipboard&utm_medium=text&utm_campaign=social_sharing,https://youtu.be/t0FIIseyF68?si=ylUWthuBvkXEJ7yQ
ð??¥ð??¥,"RA Live - Narciss - Pitch Music & Arts 2024, Australia",Trance & High Energy Rave,https://soundcloud.com/resident-advisor/ra-live-narciss-pitch-music,
,Rebolledo - Mayan Warrior - Burning Man 2024,Disco & Funky House,https://soundcloud.com/mayanwarriorofficial/rebolledo-mayan-warrior-burning-man-2024?si=13dc2d5cee7647d388f6e3e599cf6237&utm_source=clipboard&utm_medium=text&utm_campaign=social_sharing,
,Ross From Friends Boiler Room London Live Set,Breaks & Experimental,https://soundcloud.com/platform/ross-from-friends?si=feb6264558c0407b90fe1e1022c133d3&utm_source=clipboard&utm_medium=text&utm_campaign=social_sharing,https://youtu.be/EIOujmiRskg?si=fKUQRTcdVANmIEfu
ð??¥ð??¥,salute b2b Barry Can't Swim - Live at Lost Sundays (Sydney) 2024,Disco & Funky House,https://soundcloud.com/user56647057/barry-cant-swim-b2b-salute,https://youtu.be/A_MHvl6_7-Y?si=lOC6-58ZgkYFSCVc
,Schrotthagen | Full Set at Ritter Butzke,Hard & Driving Techno,https://soundcloud.com/hoelli85/schrotthagen-full-set-at?si=9fe41a27fe4e4f63a90d77cc5c270f0c&utm_source=clipboard&utm_medium=text&utm_campaign=social_sharing,https://youtu.be/7KnKLX629DA?si=BZgEZ0IP5lIw2biA
,Shanti Celeste | Boiler Room x Bass Coast Festival,Disco & Funky House,https://soundcloud.com/platform/shanti-celeste-boiler-room-x-bass-coast-festival,https://www.youtube.com/live/qPSH0Og0FH0?si=lLu4WSg0I-ebyH1Q
,Shanti Celeste at Lente Kabinet Festival (28/05/2016),Disco & Funky House,https://soundcloud.com/dkmntl/shanti-celeste-lente-kabinet-festival-28052016?in=marjantjaarda/sets/lente-kabinet-2016,https://youtu.be/FrrsTi6M8_Q?si=prsJqw7FUuVkAn36
,sim0ne | Boiler Room: Melbourne,Trance & High Energy Rave,https://soundcloud.com/platform/sim0ne-melbourne-saturday,https://youtu.be/7r_Uc9Ek4s4?si=L-d7vfnM5ZEAuUOj
,Solomun @ ThÃ©Ã¢tre Antique d'Orange for Cercle,Classic House & Garage,https://soundcloud.com/cerclelive/solomun-theatre-antique-dorange-for-cercle?si=f4c20430637b49f0a552e1a9a60e5b36&utm_source=clipboard&utm_medium=text&utm_campaign=social_sharing,https://youtu.be/QHDRRxKlimY?si=HySoez7uNycRElq0
,Solomun Boiler Room DJ Set,Classic House & Garage,https://soundcloud.com/platform/solomun?si=3d4b47da514d4995b474276711c31d83&utm_source=clipboard&utm_medium=text&utm_campaign=social_sharing,https://youtu.be/bk6Xst6euQk?si=EjYjlr5TDwOkIx29
,Stephan Bodzin Boiler Room Berlin Live Set,Melodic House & Techno,https://soundcloud.com/platform/stephan-bodzin,https://youtu.be/Hv_oF2ol_Ks?si=PY4vztKrHGFGAROS
,Sven VÃ¤th Boiler Room Berlin Groove Magazine DJ set,Trance & High Energy Rave,https://soundcloud.com/platform/br17-sven-v-th,https://youtu.be/uInltd4OkTQ?si=v_20MeXuWH6wTivu
,Sweely (live) for Mixmag x La RelÃ¨ve prÃ©sentent : Electronic Subculture,Disco & Funky House,https://soundcloud.com/electronicsubculture/sweely-live-for-mixmag-x-la-releve-electronic-subculture?si=eab45185aad9473bafc6b5f5ea8291c3&utm_source=clipboard&utm_medium=text&utm_campaign=social_sharing,https://youtu.be/vxjcRkZKBPc?si=wEPotP3FtqmMsLJh
,Tala House Mix | Boiler Room Beirut,Classic House & Garage,https://soundcloud.com/platform/tala-house-mix-boiler-room-beirut?si=02016cbe48834467b11971c4a1e9189b&utm_source=clipboard&utm_medium=text&utm_campaign=social_sharing,https://youtu.be/n-B7IOEfOdY?si=tkPMSdMkTqgU-5RC
,Tale of Us Boiler Room x Nuits Sonores DJ Set,Melodic House & Techno,https://soundcloud.com/platform/tale-of-us-60-min-boiler-room?si=ce5b03668bd2482fbf89056f267380aa&utm_source=clipboard&utm_medium=text&utm_campaign=social_sharing,https://youtu.be/y3VcwaxJzhQ?si=lZzPhcCJMkk0nJt_
,"Technasia @ Luciano & Friends, Ushuaia Ibiza 31.08.2012",Hard & Driving Techno,https://soundcloud.com/technasia/technasia-luciano-friends,
,The Blaze @ Nuits de FourviÃ¨re (Full Show HiRes) - ARTE Concert,Melodic House & Techno,https://soundcloud.com/tarakin/the-blaze-nuits-de-fourviere-full-show-hires-arte-concert,https://youtu.be/KEESXIpPhho?si=agJIIVhrv1DKvPJ-
,The Mix 043: Eris Drew & Octo Octa by Mixmag on #SoundCloud,Breaks & Experimental,https://soundcloud.com/mixmag-1/the-mix-043-octo-octa-eris-drew?si=ef4b71dc272e424c89c0daf188cb4254&utm_source=clipboard&utm_medium=text&utm_campaign=social_sharing,
,Tinzo: Groovy Disco and R&B Mix at a New York Basement Party | Tinzo,Disco & Funky House,https://soundcloud.com/luca-roodenburg/groovy-disco-and-r-b-mix-at-a,https://youtu.be/4nvewes8Inc?si=dniiS2D6K_msfv9s
,Tom Trago Boiler Room DJ Set at ADE,Disco & Funky House,,https://youtu.be/HINdnJvpjwo?si=MXrnj40KjxB3osYd
,Tsepo @ STRAF_WERK Rooftop Session - 12-7-2015,Minimal & Deep House,,https://youtu.be/0x28is_ZtBc?si=ItcIxuP3AE8ID7hX
,TSHA house & rave set in The Lab LDN,Trance & High Energy Rave,,https://youtu.be/VG7ePskDBFM?si=kGMzhBPggE3muPZr
,Young Marco | Boiler Room x Dekmantel 2022,Chill & Organic Electronica,https://soundcloud.com/platform/young-marco-dekmantel-2022?si=634cd6dca87d42dea5b379d6f1565cce&utm_source=clipboard&utm_medium=text&utm_campaign=social_sharing,https://youtu.be/rViZf2t7BKo?si=-THbTHPCqIwKxNYm
,Young Marco at Lentekabinet 2024 - dekmantel,Chill & Organic Electronica,https://soundcloud.com/dkmntl/young-marco-at-lentekabinet2024,
,"ZHU at Hakuba Iwatake in Nagano, Japan for Cercle",Classic House & Garage,https://soundcloud.com/cerclelive/zhu-hakuba-mountains-for-cercle,https://youtu.be/XHNHq1mC0VQ?si=AtFItvxqg7naaV65
